{"loss": [0.2905978262424469, 0.12386942654848099, 0.09577562659978867, 0.10576703399419785, 0.09386014938354492, 0.1021830290555954, 0.08249130100011826, 0.07404284179210663, 0.06972957402467728, 0.07228610664606094, 0.06693822890520096, 0.06503947079181671, 0.06747747212648392, 0.07105489820241928, 0.07117324322462082, 0.04995329678058624, 0.056000418961048126, 0.06657005846500397, 0.07016235589981079, 0.061251550912857056, 0.04786023497581482, 0.05897342041134834, 0.05489214509725571, 0.06317316740751266, 0.04572257027029991, 0.03899874538183212, 0.04867134615778923, 0.04609457403421402, 0.05938446894288063, 0.04656960815191269, 0.04405422508716583, 0.03483947366476059, 0.04372703284025192, 0.04426427185535431, 0.0433993935585022, 0.046141814440488815, 0.041265495121479034, 0.039636243134737015, 0.06775332242250443, 0.04037396237254143, 0.039057642221450806, 0.056201204657554626, 0.04905976727604866, 0.05075613409280777, 0.03315419703722, 0.04040106013417244, 0.04728839546442032, 0.050667066127061844, 0.0347663089632988, 0.03713155910372734, 0.04853832349181175, 0.03672458976507187, 0.06447450816631317, 0.03626358509063721, 0.03429529815912247, 0.03230486810207367, 0.025467395782470703, 0.022189851850271225, 0.045816514641046524, 0.04529153183102608, 0.044616274535655975, 0.04423157498240471, 0.04407772049307823, 0.04367389157414436, 0.04337587580084801, 0.043379925191402435, 0.04297734051942825, 0.04244252294301987], "mae": [0.2905978262424469, 0.12386942654848099, 0.09577562659978867, 0.10576703399419785, 0.09386014938354492, 0.1021830290555954, 0.08249130100011826, 0.07404284179210663, 0.06972957402467728, 0.07228610664606094, 0.06693822890520096, 0.06503947079181671, 0.06747747212648392, 0.07105489820241928, 0.07117324322462082, 0.04995329678058624, 0.056000418961048126, 0.06657005846500397, 0.07016235589981079, 0.061251550912857056, 0.04786023497581482, 0.05897342041134834, 0.05489214509725571, 0.06317316740751266, 0.04572257027029991, 0.03899874538183212, 0.04867134615778923, 0.04609457403421402, 0.05938446894288063, 0.04656960815191269, 0.04405422508716583, 0.03483947366476059, 0.04372703284025192, 0.04426427185535431, 0.0433993935585022, 0.046141814440488815, 0.041265495121479034, 0.039636243134737015, 0.06775332242250443, 0.04037396237254143, 0.039057642221450806, 0.056201204657554626, 0.04905976727604866, 0.05075613409280777, 0.03315419703722, 0.04040106013417244, 0.04728839546442032, 0.050667066127061844, 0.0347663089632988, 0.03713155910372734, 0.04853832349181175, 0.03672458976507187, 0.06447450816631317, 0.03626358509063721, 0.03429529815912247, 0.03230486810207367, 0.025467395782470703, 0.022189851850271225, 0.045816514641046524, 0.04529153183102608, 0.044616274535655975, 0.04423157498240471, 0.04407772049307823, 0.04367389157414436, 0.04337587580084801, 0.043379925191402435, 0.04297734051942825, 0.04244252294301987], "mape": [146.59361267089844, 74.48323059082031, 49.690738677978516, 61.59028244018555, 43.958003997802734, 50.915306091308594, 45.541786193847656, 36.298221588134766, 36.98744201660156, 39.9112663269043, 35.75876998901367, 31.592500686645508, 33.74983596801758, 36.89499282836914, 38.54998016357422, 28.412860870361328, 31.007246017456055, 32.96992111206055, 36.289920806884766, 28.874361038208008, 25.472990036010742, 30.71295166015625, 27.35010528564453, 30.908935546875, 23.246816635131836, 22.98219871520996, 26.00255012512207, 24.398767471313477, 29.77872085571289, 24.096466064453125, 21.61188316345215, 16.676172256469727, 23.99217414855957, 24.36429786682129, 26.386489868164062, 26.674745559692383, 18.636499404907227, 19.82270050048828, 31.931528091430664, 19.410852432250977, 20.70904541015625, 27.41956901550293, 25.257246017456055, 25.882299423217773, 16.543548583984375, 19.622867584228516, 23.454145431518555, 26.109745025634766, 16.258052825927734, 18.15767478942871, 25.889188766479492, 17.740631103515625, 39.01663589477539, 18.110960006713867, 17.18129539489746, 16.016666412353516, 12.178476333618164, 11.022688865661621, 22.621435165405273, 22.045326232910156, 21.790334701538086, 21.657352447509766, 21.535221099853516, 20.981555938720703, 20.955284118652344, 21.050371170043945, 20.239858627319336, 21.357505798339844], "val_loss": [0.142646923661232, 0.18032856285572052, 0.19891580939292908, 0.05939118564128876, 0.15551459789276123, 0.06596391648054123, 0.05792577192187309, 0.05745438486337662, 0.07911629229784012, 0.04882378503680229, 0.09147205203771591, 0.09099175035953522, 0.06693841516971588, 0.054783280938863754, 0.10622045397758484, 0.05721725523471832, 0.06287363916635513, 0.06793779879808426, 0.0503045879304409, 0.07079760730266571, 0.04773084819316864, 0.049213360995054245, 0.11756318807601929, 0.07270487397909164, 0.04758100211620331, 0.09519640356302261, 0.04589284211397171, 0.13379070162773132, 0.04230894893407822, 0.07741087675094604, 0.03459928184747696, 0.07950079441070557, 0.044725775718688965, 0.036752376705408096, 0.059264495968818665, 0.07919768244028091, 0.069493368268013, 0.11010453850030899, 0.09662636369466782, 0.032261136919260025, 0.0718160942196846, 0.07727420330047607, 0.04840443283319473, 0.0448489747941494, 0.08401438593864441, 0.03940482810139656, 0.036310553550720215, 0.036275722086429596, 0.06294587254524231, 0.09107276797294617, 0.10070016980171204, 0.10905364900827408, 0.03462309017777443, 0.043425727635622025, 0.04003293067216873, 0.13343705236911774, 0.02900708094239235, 0.03286918252706528, 0.028602343052625656, 0.029471056535840034, 0.030623294413089752, 0.031063394621014595, 0.03141341358423233, 0.030379196628928185, 0.03144211322069168, 0.03129005432128906, 0.030189592391252518, 0.02931317314505577], "val_mae": [0.142646923661232, 0.18032856285572052, 0.19891580939292908, 0.05939118564128876, 0.15551459789276123, 0.06596391648054123, 0.05792577192187309, 0.05745438486337662, 0.07911629229784012, 0.04882378503680229, 0.09147205203771591, 0.09099175035953522, 0.06693841516971588, 0.054783280938863754, 0.10622045397758484, 0.05721725523471832, 0.06287363916635513, 0.06793779879808426, 0.0503045879304409, 0.07079760730266571, 0.04773084819316864, 0.049213360995054245, 0.11756318807601929, 0.07270487397909164, 0.04758100211620331, 0.09519640356302261, 0.04589284211397171, 0.13379070162773132, 0.04230894893407822, 0.07741087675094604, 0.03459928184747696, 0.07950079441070557, 0.044725775718688965, 0.036752376705408096, 0.059264495968818665, 0.07919768244028091, 0.069493368268013, 0.11010453850030899, 0.09662636369466782, 0.032261136919260025, 0.0718160942196846, 0.07727420330047607, 0.04840443283319473, 0.0448489747941494, 0.08401438593864441, 0.03940482810139656, 0.036310553550720215, 0.036275722086429596, 0.06294587254524231, 0.09107276797294617, 0.10070016980171204, 0.10905364900827408, 0.03462309017777443, 0.043425727635622025, 0.04003293067216873, 0.13343705236911774, 0.02900708094239235, 0.03286918252706528, 0.028602343052625656, 0.029471056535840034, 0.030623294413089752, 0.031063394621014595, 0.03141341358423233, 0.030379196628928185, 0.03144211322069168, 0.03129005432128906, 0.030189592391252518, 0.02931317314505577],