{"loss": [0.14879588782787323, 0.12338798493146896, 0.11221387982368469, 0.10621177405118942, 0.10135674476623535, 0.09660221636295319, 0.09455131739377975, 0.09095219522714615, 0.08932182192802429, 0.08690357208251953, 0.08570773899555206, 0.08329491317272186, 0.08310376107692719, 0.08065811544656754, 0.0794481486082077, 0.07884762436151505, 0.07776828110218048, 0.07702474296092987, 0.0757080465555191, 0.07580167055130005, 0.07418972998857498, 0.07410189509391785, 0.07240001857280731, 0.07216159999370575, 0.07134521752595901, 0.07163167744874954, 0.07057534903287888, 0.07123949378728867, 0.07009812444448471, 0.06989770382642746, 0.06980574131011963, 0.0681212767958641, 0.06833554059267044, 0.06827294826507568, 0.06783289462327957, 0.06777587532997131, 0.06799742579460144, 0.06799300760030746, 0.06710595637559891, 0.06697596609592438, 0.06710712611675262, 0.0668860375881195], "mae": [0.13241693377494812, 0.10872106999158859, 0.09906567633152008, 0.09438419342041016, 0.090660959482193, 0.08689876645803452, 0.08572708815336227, 0.08291291445493698, 0.08197633177042007, 0.08020149171352386, 0.07957131415605545, 0.07767022401094437, 0.07795579731464386, 0.07591431587934494, 0.07507655769586563, 0.07480411231517792, 0.07402019947767258, 0.07354842871427536, 0.07246427983045578, 0.07275881618261337, 0.07133792340755463, 0.07142078876495361, 0.0698680579662323, 0.0697568729519844, 0.06906315684318542, 0.06946401298046112, 0.06851731985807419, 0.06926743686199188, 0.06819544732570648, 0.06807561963796616, 0.06805840134620667, 0.06643518060445786, 0.0667046383023262, 0.06669768691062927, 0.06631064414978027, 0.06628778576850891, 0.06653428077697754, 0.06655517220497131, 0.06569496542215347, 0.06558463722467422, 0.0657251849770546, 0.06551391631364822], "mape": [17973.990234375, 41637.63671875, 23671.5390625, 26341.9921875, 27570.904296875, 30358.865234375, 24729.51171875, 17287.32421875, 27057.04296875, 29164.865234375, 22003.37109375, 21397.490234375, 22521.421875, 21491.060546875, 31884.69921875, 11209.1015625, 19604.0703125, 23115.9765625, 19305.947265625, 29112.1484375, 21902.54296875, 16408.892578125, 23366.7890625, 24658.46875, 19488.79296875, 21884.849609375, 20970.521484375, 13251.5498046875, 19100.017578125, 18914.65234375, 16328.2939453125, 25033.404296875, 17153.525390625, 15403.1025390625, 18069.283203125, 11155.0751953125, 17749.294921875, 14815.728515625, 19149.068359375, 17512.673828125, 23345.5625, 19546.66015625], "val_loss": [0.11572824418544769, 0.10600900650024414, 0.10647963732481003, 0.10720762610435486, 0.09932064265012741, 0.09958411753177643, 0.09900375455617905, 0.09475120902061462, 0.09168688952922821, 0.09099924564361572, 0.0919819250702858, 0.08904370665550232, 0.08977481722831726, 0.08827049285173416, 0.0844799280166626, 0.08658066391944885, 0.08390142768621445, 0.07976330071687698, 0.08137208968400955, 0.08040761202573776, 0.08280433714389801, 0.08128158003091812, 0.07858150452375412, 0.07792806625366211, 0.07914676517248154, 0.0756620541214943, 0.07953941822052002, 0.08062827587127686, 0.07547055929899216, 0.07171181589365005, 0.07537670433521271, 0.07544667273759842, 0.07771120220422745, 0.07453750818967819, 0.0730334222316742, 0.07471907883882523, 0.07431383430957794, 0.07424725592136383, 0.0742403119802475, 0.07352393120527267, 0.07537112385034561, 0.07480297982692719], "val_mae": [0.10023602843284607, 0.09214609861373901, 0.09402880817651749, 0.09597599506378174, 0.08914809674024582, 0.09033537656068802, 0.09059596806764603, 0.08706958591938019, 0.0846744030714035, 0.0845969021320343, 0.08610507845878601, 0.08367397636175156, 0.08483682572841644, 0.08372177183628082, 0.0802827700972557, 0.08269402384757996, 0.08029188215732574, 0.07641004770994186, 0.07822994142770767, 0.07746057957410812, 0.08005133271217346, 0.07868709415197372, 0.07611124217510223, 0.07559854537248611, 0.07692445069551468, 0.0735471248626709, 0.0775296688079834, 0.07869303226470947, 0.07360298931598663, 0.06992147862911224, 0.07365592569112778, 0.07379735261201859, 0.07610355317592621, 0.07298756390810013, 0.07153244316577911, 0.07324381172657013, 0.07286475598812103, 0.07282412052154541, 0.07283937186002731, 0.07213710248470306, 0.0739951804280281, 0.07343486696481705], "val_mape": [80.8348159790039, 65.09900665283203, 63.737449645996094, 64.16085052490234, 62.33967971801758, 62.16223907470703, 52.83147048950195, 59.01405715942383, 54.399635314941406, 55.87895584106445, 53.87812042236328, 54.80201721191406, 54.38874816894531, 55.94516372680664, 49.49250030517578, 53.39899826049805, 49.20033264160156, 47.34202575683594, 48.28377914428711, 46.097721099853516, 52.98786163330078, 51.211585998535156, 40.44709014892578, 48.591468811035156, 46.50252151489258, 44.6649169921875, 44.56422424316406, 49.32989501953125, 45.87975311279297, 43.088897705078125, 45.03725051879883, 44.819332122802734, 43.529415130615234, 44.4240608215332, 42.79324722290039, 44.622581481933594, 46.618465423583984, 44.656646728515625, 43.42668151855469, 45.44619369506836, 45.730262756347656, 44.72536849975586]}