{"loss": [0.1016540601849556, 0.08564215898513794, 0.08166629076004028, 0.0777578204870224, 0.07593823969364166, 0.0743032693862915, 0.07280348986387253, 0.071534663438797, 0.07204490900039673, 0.07081623375415802, 0.06966935843229294, 0.06953323632478714, 0.06831683963537216, 0.06756357103586197, 0.06791514903306961, 0.06668402999639511, 0.06678933650255203, 0.06620998680591583, 0.0644594058394432, 0.06534472107887268, 0.06400653719902039, 0.06383799016475677, 0.06310176104307175, 0.0620943084359169, 0.06180958077311516, 0.06168016418814659, 0.061305299401283264, 0.06020710617303848, 0.06020000949501991, 0.05970361828804016, 0.05947956442832947, 0.05880952253937721, 0.0580219104886055, 0.05724611505866051, 0.05807817354798317, 0.056967079639434814, 0.05677596479654312, 0.055767353624105453, 0.05709991604089737, 0.05571639910340309, 0.05442387983202934, 0.05503879487514496, 0.05463007465004921, 0.05408715829253197, 0.05340513214468956, 0.05500053986907005, 0.05315476283431053, 0.052578192204236984, 0.05278659611940384, 0.051951952278614044], "mae": [0.1016540601849556, 0.08564215898513794, 0.08166629076004028, 0.0777578204870224, 0.07593823969364166, 0.0743032693862915, 0.07280348986387253, 0.071534663438797, 0.07204490900039673, 0.07081623375415802, 0.06966935843229294, 0.06953323632478714, 0.06831683963537216, 0.06756357103586197, 0.06791514903306961, 0.06668402999639511, 0.06678933650255203, 0.06620998680591583, 0.0644594058394432, 0.06534472107887268, 0.06400653719902039, 0.06383799016475677, 0.06310176104307175, 0.0620943084359169, 0.06180958077311516, 0.06168016418814659, 0.061305299401283264, 0.06020710617303848, 0.06020000949501991, 0.05970361828804016, 0.05947956442832947, 0.05880952253937721, 0.0580219104886055, 0.05724611505866051, 0.05807817354798317, 0.056967079639434814, 0.05677596479654312, 0.055767353624105453, 0.05709991604089737, 0.05571639910340309, 0.05442387983202934, 0.05503879487514496, 0.05463007465004921, 0.05408715829253197, 0.05340513214468956, 0.05500053986907005, 0.05315476283431053, 0.052578192204236984, 0.05278659611940384, 0.051951952278614044], "mape": [8873.4912109375, 32159.63671875, 33334.84375, 28312.041015625, 33278.08984375, 28924.154296875, 31231.654296875, 23830.095703125, 32696.802734375, 21880.615234375, 19909.544921875, 29820.1328125, 25339.115234375, 22378.6640625, 25204.744140625, 18095.765625, 18861.681640625, 15213.5615234375, 18201.814453125, 23718.353515625, 15038.95703125, 18783.8828125, 18168.13671875, 19783.3203125, 25231.662109375, 19403.01171875, 12808.0009765625, 16828.091796875, 20689.037109375, 18779.45703125, 13310.09375, 18693.896484375, 13834.5849609375, 17856.0390625, 18178.970703125, 16771.361328125, 13271.5634765625, 15246.966796875, 25506.228515625, 10903.125, 18116.134765625, 18774.587890625, 14062.9521484375, 14523.48828125, 16439.724609375, 17946.18359375, 13653.3681640625, 15380.5439453125, 11880.34375, 17997.521484375], "val_loss": [0.10563481599092484, 0.10007312893867493, 0.0951194316148758, 0.12216194719076157, 0.0987749770283699, 0.09268229454755783, 0.09394311159849167, 0.08795491605997086, 0.08938519656658173, 0.08809933811426163, 0.08511283993721008, 0.08876939117908478, 0.08737911283969879, 0.0922173336148262, 0.09764452278614044, 0.10119550675153732, 0.08801297843456268, 0.0941065102815628, 0.0943775326013565, 0.08677217364311218, 0.0905764028429985, 0.10594607144594193, 0.09179683029651642, 0.09885230660438538, 0.09518547356128693, 0.08957713097333908, 0.09350372105836868, 0.09776376932859421, 0.09136410057544708, 0.09648527204990387, 0.09144683927297592, 0.09354647994041443, 0.0915721133351326, 0.10044310241937637, 0.0918377935886383, 0.09507855027914047, 0.09382230788469315, 0.09515347331762314, 0.09411723166704178, 0.09608695656061172, 0.0928904265165329, 0.09288664907217026, 0.09234543889760971, 0.09538020193576813, 0.09080139547586441, 0.09558133035898209, 0.09137264639139175, 0.09015902876853943, 0.09919674694538116, 0.08984439820051193], "val_mae": [0.10563481599092484, 0.10007312893867493, 0.0951194316148758, 0.12216194719076157, 0.0987749770283699, 0.09268229454755783, 0.09394311159849167, 0.08795491605997086, 0.08938519656658173, 0.08809933811426163, 0.08511283993721008, 0.08876939117908478, 0.08737911283969879, 0.0922173336148262, 0.09764452278614044, 0.10119550675153732, 0.08801297843456268, 0.0941065102815628, 0.0943775326013565, 0.08677217364311218, 0.0905764028429985, 0.10594607144594193, 0.09179683029651642, 0.09885230660438538, 0.09518547356128693, 0.08957713097333908, 0.09350372105836868, 0.09776376932859421, 0.09136410057544708, 0.09648527204990387, 0.09144683182239532, 0.09354647994041443, 0.0915721133351326, 0.10044310241937637, 0.0918377935886383, 0.09507855027914047, 0.09382230788469315, 0.09515347331762314, 0.09411723166704178, 0.09608695656061172, 0.0928904265165329, 0.09288664907217026, 0.09234543889760971, 0.09538020193576813, 0.09080139547586441, 0.09558133035898209, 0.09137264639139175, 0.09015902876853943, 0.09919674694538116, 0.08984439820051193], "val_mape": [84.20954132080078, 66.53223419189453, 58.349273681640625, 61.50105667114258, 44.26463317871094, 44.649658203125, 48.0836181640625, 50.2314338684082, 47.82649612426758, 56.78307342529297, 56.89621353149414, 45.66592788696289, 44.75459289550781, 54.127986907958984, 48.481101989746094, 46.99857711791992, 48.99629211425781, 47.6312255859375, 46.56656265258789, 55.43046951293945, 56.535789489746094, 48.879119873046875, 56.813804626464844, 50.94627380371094, 48.73855972290039, 47.968223571777344, 49.51508331298828, 49.083290100097656, 57.17253875732422, 56.971282958984375, 55.55746841430664, 50.564964294433594, 53.18838882446289, 50.16542053222656, 57.88687515258789, 49.35938262939453, 52.00764083862305, 53.60792541503906, 48.02841567993164, 55.787906646728516, 50.779945373535156, 53.51997756958008, 52.75370407104492, 52.64670944213867, 54.7058219909668, 52.782508850097656, 50.98501968383789, 53.1593017578125, 51.49017333984375, 57.364994049072266]}