{"loss": [0.040314897894859314, 0.018589816987514496, 0.012831712141633034, 0.011458971537649632, 0.010706456378102303, 0.009755409322679043, 0.009296989068388939, 0.008871190249919891, 0.008644022047519684, 0.00847226195037365, 0.007694977801293135, 0.0076537118293344975, 0.007593211717903614, 0.0075658028945326805, 0.007538746576756239, 0.007508700713515282, 0.007473899982869625, 0.0074467528611421585, 0.007415334228426218, 0.007390332408249378], "mae": [0.040314897894859314, 0.018589816987514496, 0.012831712141633034, 0.011458971537649632, 0.010706456378102303, 0.009755409322679043, 0.009296989068388939, 0.008871190249919891, 0.008644022047519684, 0.00847226195037365, 0.007694977801293135, 0.0076537118293344975, 0.007593211717903614, 0.0075658028945326805, 0.007538746576756239, 0.007508700713515282, 0.007473899982869625, 0.0074467528611421585, 0.007415334228426218, 0.007390332408249378], "mape": [64.27149963378906, 368.75823974609375, 414.4325866699219, 196.1957550048828, 131.97500610351562, 54.275787353515625, 281.9312744140625, 133.93711853027344, 221.45050048828125, 195.91018676757812, 220.2930450439453, 142.62240600585938, 162.7036895751953, 118.18517303466797, 158.44786071777344, 100.76182556152344, 154.28282165527344, 137.4382781982422, 129.9775848388672, 89.6043930053711], "val_loss": [0.022398728877305984, 0.013981936499476433, 0.011457080021500587, 0.009872802533209324, 0.009927557781338692, 0.009045283310115337, 0.008606059476733208, 0.00788501650094986, 0.008091054856777191, 0.008443283848464489, 0.007839084602892399, 0.007562771439552307, 0.007832933217287064, 0.0075592901557683945, 0.007572760805487633, 0.007494930177927017, 0.007550549227744341, 0.0075418115593492985, 0.007518538273870945, 0.0074348184280097485], "val_mae": [0.022398728877305984, 0.013981936499476433, 0.011457080021500587, 0.009872802533209324, 0.009927557781338692, 0.009045283310115337, 0.008606059476733208, 0.00788501650094986, 0.008091054856777191, 0.008443283848464489, 0.007839084602892399, 0.007562771439552307, 0.007832933217287064, 0.0075592901557683945, 0.007572760805487633, 0.007494930177927017, 0.007550549227744341, 0.0075418115593492985, 0.007518538273870945, 0.0074348184280097485], "val_mape": [9.867650032043457, 6.73147439956665, 5.923813819885254, 4.6062703132629395, 4.4065260887146, 4.133634567260742, 3.823617935180664, 3.529749631881714, 3.8071250915527344, 3.790862560272217, 3.4287736415863037, 3.3777518272399902, 3.4941208362579346, 3.36065936088562, 3.3956193923950195, 3.3292794227600098, 3.382678985595703, 3.340195894241333, 3.2870118618011475, 3.334240198135376]}