{"loss": [0.044133804738521576, 0.019608767703175545, 0.013703358359634876, 0.011618398129940033, 0.010946252383291721, 0.010351571254432201, 0.009845113381743431, 0.009333199821412563, 0.008919326588511467, 0.008492952212691307, 0.008155602030456066, 0.007876922376453876, 0.007669405080378056, 0.007565592415630817, 0.0074278609827160835, 0.0074254716746509075, 0.007285573054105043, 0.007279139012098312, 0.007205309346318245, 0.007081358693540096, 0.007046764716506004, 0.006994414608925581, 0.006932973861694336, 0.006904023699462414, 0.0068919602781534195, 0.006876527797430754, 0.006821539718657732, 0.006800502073019743, 0.0067540742456912994, 0.0067466855980455875, 0.006752214394509792, 0.006688716821372509, 0.006650783587247133, 0.00667621660977602, 0.005856805015355349, 0.005833673290908337, 0.005820458754897118, 0.005816767457872629, 0.005814178381115198, 0.005810461938381195, 0.005803571082651615, 0.005806174129247665, 0.005799229722470045, 0.005793082527816296, 0.04504655674099922, 0.019534843042492867], "mae": [0.044133804738521576, 0.019608767703175545, 0.013703358359634876, 0.011618398129940033, 0.010946252383291721, 0.010351571254432201, 0.009845113381743431, 0.009333199821412563, 0.008919326588511467, 0.008492952212691307, 0.008155602030456066, 0.007876922376453876, 0.007669405080378056, 0.007565592415630817, 0.0074278609827160835, 0.0074254716746509075, 0.007285573054105043, 0.007279139012098312, 0.007205309346318245, 0.007081358693540096, 0.007046764716506004, 0.006994414608925581, 0.006932973861694336, 0.006904023699462414, 0.0068919602781534195, 0.006876527797430754, 0.006821539718657732, 0.006800502073019743, 0.0067540742456912994, 0.0067466855980455875, 0.006752214394509792, 0.006688716821372509, 0.006650783587247133, 0.00667621660977602, 0.005856805015355349, 0.005833673290908337, 0.005820458754897118, 0.005816767457872629, 0.005814178381115198, 0.005810461938381195, 0.005803571082651615, 0.005806174129247665, 0.005799229722470045, 0.005793082527816296, 0.04504655674099922, 0.019534843042492867], "mape": [269.66558837890625, 588.9476318359375, 323.85772705078125, 71.13970184326172, 153.31268310546875, 56.007469177246094, 74.8100357055664, 119.06031799316406, 88.04985809326172, 98.57444763183594, 55.257835388183594, 103.97135925292969, 181.28517150878906, 145.9987335205078, 94.33761596679688, 67.70035552978516, 23.699552536010742, 53.61748504638672, 31.05930519104004, 77.31398010253906, 59.23289489746094, 99.75497436523438, 41.12388229370117, 21.246503829956055, 37.85232925415039, 42.936790466308594, 2.731806993484497, 71.83228302001953, 20.391572952270508, 41.372039794921875, 11.437414169311523, 79.99646759033203, 60.44935989379883, 11.530614852905273, 23.851795196533203, 10.664417266845703, 8.534998893737793, 2.767935276031494, 42.53083038330078, 24.186166763305664, 9.800036430358887, 55.30726623535156, 41.650535583496094, 38.75390625, 584.95263671875, 341.9719543457031], "val_loss": [0.02313994988799095, 0.01624237559735775, 0.010501926764845848, 0.0100883012637496, 0.01231451891362667, 0.011030599474906921, 0.009543018415570259, 0.009257267229259014, 0.008632143028080463, 0.0083665382117033, 0.00803297571837902, 0.008328858762979507, 0.007756151724606752, 0.006700656842440367, 0.007594665978103876, 0.007675461005419493, 0.006904980633407831, 0.0074322037398815155, 0.007008338812738657, 0.007132030092179775, 0.007397840265184641, 0.007548556663095951, 0.0073743113316595554, 0.0070515465922653675, 0.007478312589228153, 0.006774149369448423, 0.008082692511379719, 0.006662389263510704, 0.006951434537768364, 0.006718544755131006, 0.0070031615905463696, 0.0060152318328619, 0.007402055896818638, 0.006449727341532707, 0.0058864206075668335, 0.005953556392341852, 0.005934554617851973, 0.006000198423862457, 0.0059746564365923405, 0.006005915813148022, 0.005884888581931591, 0.005907625891268253, 0.005792900454252958, 0.005938739515841007, 0.023606829345226288, 0.01882023550570011], "val_mae": [0.02313994988799095, 0.01624237559735775, 0.010501926764845848, 0.0100883012637496, 0.01231451891362667, 0.011030599474906921, 0.009543018415570259, 0.009257267229259014, 0.008632143028080463, 0.0083665382117033, 0.00803297571837902, 0.008328858762979507, 0.007756151724606752, 0.006700656842440367, 0.007594665978103876, 0.007675461005419493, 0.006904980633407831, 0.0074322037398815155, 0.007008338812738657, 0.007132030092179775, 0.007397840265184641, 0.007548556663095951, 0.0073743113316595554, 0.0070515465922653675, 0.007478312589228153, 0.006774149369448423, 0.008082692511379719, 0.006662389263510704, 0.006951434537768364, 0.006718544755131006, 0.0070031615905463696, 0.0060152318328619, 0.007402055896818638, 0.006449727341532707, 0.0058864206075668335, 0.005953556392341852, 0.005934554617851973, 0.006000198423862457, 0.0059746564365923405, 0.006005915813148022, 0.005884888581931591, 0.005907625891268253, 0.005792900454252958, 0.005938739515841007, 0.023606829345226288, 0.01882023550570011], "val_mape": [10.130041122436523, 7.657934188842773, 4.6601362228393555, 4.283798694610596, 6.156816005706787, 4.499294281005859, 4.114432334899902, 3.8511383533477783, 4.067872524261475, 3.6276450157165527, 3.9344735145568848, 3.608647108078003, 3.2622151374816895, 2.8877158164978027, 3.533923387527466, 3.857267379760742, 3.023707389831543, 3.1141393184661865, 3.1540422439575195, 3.027963399887085, 3.342539072036743, 3.3598289489746094, 3.2899718284606934, 2.938155174255371, 3.182246446609497, 2.805814743041992, 3.7942798137664795, 3.101926565170288, 3.252528190612793, 2.8573062419891357, 2.956148147583008, 2.592285394668579, 3.1133198738098145, 2.691511631011963, 2.467132091522217, 2.4916489124298096, 2.5555338859558105, 2.514220714569092, 2.532089948654175, 2.5136935710906982, 2.483548641204834, 2.470487356185913, 2.4306492805480957, 2.503514528274536, 10.116084098815918, 7.946150779724121]}